-- phpMyAdmin SQL Dump
-- version 4.0.4.1
-- http://www.phpmyadmin.net
--
-- ä¸»æœº: 127.0.0.1
-- ç”Ÿæˆæ—¥æœŸ: 2016 å¹?01 æœ?16 æ—?08:11
-- æœåŠ¡å™¨ç‰ˆæœ¬: 5.6.11
-- PHP ç‰ˆæœ¬: 5.5.1

SET SQL_MODE = "NO_AUTO_VALUE_ON_ZERO";
SET time_zone = "+00:00";


/*!40101 SET @OLD_CHARACTER_SET_CLIENT=@@CHARACTER_SET_CLIENT */;
/*!40101 SET @OLD_CHARACTER_SET_RESULTS=@@CHARACTER_SET_RESULTS */;
/*!40101 SET @OLD_COLLATION_CONNECTION=@@COLLATION_CONNECTION */;
/*!40101 SET NAMES utf8 */;

--
-- æ•°æ®åº“: `auction`
--
CREATE DATABASE IF NOT EXISTS `auction` DEFAULT CHARACTER SET latin1 COLLATE latin1_swedish_ci;
USE `auction`;

-- --------------------------------------------------------

--
-- è¡¨çš„ç»“æ„ `auction_user`
--

CREATE TABLE IF NOT EXISTS `auction_user` (
  `user_id` int(11) NOT NULL AUTO_INCREMENT,
  `username` varchar(50) NOT NULL,
  `userpass` varchar(50) NOT NULL,
  `email` varchar(100) NOT NULL,
  PRIMARY KEY (`user_id`),
  UNIQUE KEY `username` (`username`)
) ENGINE=MyISAM  DEFAULT CHARSET=utf8 AUTO_INCREMENT=13 ;

--
-- è½¬å­˜è¡¨ä¸­çš„æ•°æ® `auction_user`
--

INSERT INTO `auction_user` (`user_id`, `username`, `userpass`, `email`) VALUES
(1, 'tomcat', 'tomcat', 'spring_test@163.com'),
(2, 'mysql', 'mysql', 'spring_test@163.com');

-- --------------------------------------------------------

--
-- è¡¨çš„ç»“æ„ `bid`
--

CREATE TABLE IF NOT EXISTS `bid` (
  `bid_id` int(11) NOT NULL AUTO_INCREMENT,
  `user_id` int(11) NOT NULL,
  `item_id` int(11) NOT NULL,
  `bid_price` double NOT NULL,
  `bid_date` date NOT NULL,
  PRIMARY KEY (`bid_id`),
  UNIQUE KEY `item_id` (`item_id`,`bid_price`),
  KEY `FK17CFD5A919C26` (`item_id`),
  KEY `FK17CFDAB0B5DF1` (`user_id`)
) ENGINE=MyISAM  DEFAULT CHARSET=utf8 AUTO_INCREMENT=14 ;

--
-- è½¬å­˜è¡¨ä¸­çš„æ•°æ® `bid`
--

INSERT INTO `bid` (`bid_id`, `user_id`, `item_id`, `bid_price`, `bid_date`) VALUES
(1, 2, 1, 250, '2015-12-19'),
(2, 1, 3, 25000, '2015-12-15'),
(13, 2, 14, 130, '2016-01-15');

-- --------------------------------------------------------

--
-- è¡¨çš„ç»“æ„ `item`
--

CREATE TABLE IF NOT EXISTS `item` (
  `item_id` int(11) NOT NULL AUTO_INCREMENT,
  `item_name` varchar(255) NOT NULL,
  `item_remark` varchar(255) DEFAULT NULL,
  `item_desc` varchar(255) DEFAULT NULL,
  `kind_id` int(11) NOT NULL,
  `addtime` date NOT NULL,
  `endtime` date NOT NULL,
  `init_price` double NOT NULL,
  `max_price` double NOT NULL,
  `owner_id` int(11) NOT NULL,
  `winer_id` int(11) DEFAULT NULL,
  `state_id` int(11) NOT NULL,
  PRIMARY KEY (`item_id`),
  KEY `FK317B13B2144086` (`kind_id`),
  KEY `FK317B1371643773` (`winer_id`),
  KEY `FK317B1316F20E09` (`owner_id`),
  KEY `FK317B138C5E4E` (`state_id`)
) ENGINE=MyISAM  DEFAULT CHARSET=utf8 AUTO_INCREMENT=15 ;

--
-- è½¬å­˜è¡¨ä¸­çš„æ•°æ® `item`
--

INSERT INTO `item` (`item_id`, `item_name`, `item_remark`, `item_desc`, `kind_id`, `addtime`, `endtime`, `init_price`, `max_price`, `owner_id`, `winer_id`, `state_id`) VALUES
(1, 'ä¸»æ¿', 'è€å¼ä¸»æ¿', 'è€ä¸»æ¿ï¼Œè¿˜å¯ä»¥ç”¨', 1, '2015-12-16', '2016-01-20', 230, 250, 1, NULL, 1),
(2, 'æ˜¾å¡', 'è€å¼æ˜¾å¡', 'è€æ˜¾å¡ï¼Œè¿˜å¯ä»¥ç”¨', 1, '2015-12-12', '2015-12-19', 210, 210, 2, NULL, 3),
(3, 'è€æˆ¿å­', 'è€å¼æˆ¿å­', '40å¹´çš„è€æˆ¿å­', 2, '2015-12-12', '2015-12-16', 21000, 25000, 2, 1, 2),
(14, '??122Te', '?dddd', 'Tttttt', 16, '2016-01-15', '2016-01-16', 120, 130, 1, 2, 2);

-- --------------------------------------------------------

--
-- è¡¨çš„ç»“æ„ `kind`
--

CREATE TABLE IF NOT EXISTS `kind` (
  `kind_id` int(11) NOT NULL AUTO_INCREMENT,
  `kind_name` varchar(50) NOT NULL,
  `kind_desc` varchar(255) NOT NULL,
  PRIMARY KEY (`kind_id`)
) ENGINE=MyISAM  DEFAULT CHARSET=utf8 AUTO_INCREMENT=17 ;

--
-- è½¬å­˜è¡¨ä¸­çš„æ•°æ® `kind`
--

INSERT INTO `kind` (`kind_id`, `kind_name`, `kind_desc`) VALUES
(1, 'ç”µè„‘ç¡¬ä»¶', 'è¿™é‡Œå¹¶ä¸æ˜¯å¾ˆä¸»æµçš„äº§å“ï¼Œä½†ä»·æ ¼ç»å¯¹ä»¤ä½ å¿ƒåŠ¨'),
(2, 'æˆ¿äº§', 'æä¾›éå¸¸ç¨€ç¼ºçš„æˆ¿æº'),
(3, '????', '??????'),
(4, '????2', '??????'),
(15, '??', '??12'),
(16, 'Test', 'Test12');

-- --------------------------------------------------------

--
-- è¡¨çš„ç»“æ„ `state`
--

CREATE TABLE IF NOT EXISTS `state` (
  `state_id` int(11) NOT NULL AUTO_INCREMENT,
  `state_name` varchar(10) DEFAULT NULL,
  PRIMARY KEY (`state_id`)
) ENGINE=MyISAM  DEFAULT CHARSET=utf8 AUTO_INCREMENT=14 ;

--
-- è½¬å­˜è¡¨ä¸­çš„æ•°æ® `state`
--

INSERT INTO `state` (`state_id`, `state_name`) VALUES
(1, 'æ‹å–ä¸­'),
(2, 'æ‹å–æˆåŠŸ'),
(3, 'æµæ‹');

/*!40101 SET CHARACTER_SET_CLIENT=@OLD_CHARACTER_SET_CLIENT */;
/*!40101 SET CHARACTER_SET_RESULTS=@OLD_CHARACTER_SET_RESULTS */;
/*!40101 SET COLLATION_CONNECTION=@OLD_COLLATION_CONNECTION */;
